<?xml version="1.0" encoding="UTF-8"?>
<metadata xml:lang="zh"><Esri><CreaDate>20230817</CreaDate><CreaTime>14494900</CreaTime><ArcGISFormat>1.0</ArcGISFormat><SyncOnce>TRUE</SyncOnce><DataProperties><itemProps><itemLocation><linkage Sync="TRUE">file://\\SD-20230518UUAG\D$\2022教师工作\1学科建设\4固定样地\分组点\6环以内(缓冲1km)</linkage><protocol Sync="TRUE">Local Area Network</protocol></itemLocation></itemProps><copyHistory><copy source="D:\2022教师工作\1学科建设\4固定样地\遥感数据\6环以内(缓冲1km)" dest="\\SD-20230518UUAG\D$\2022教师工作\1学科建设\4固定样地\分组点\6环以内(缓冲1km)" date="20230817" time="14494900"></copy></copyHistory></DataProperties></Esri></metadata>
