<?xml version="1.0" encoding="UTF-8"?>
<metadata xml:lang="zh"><Esri><CreaDate>20230519</CreaDate><CreaTime>17261200</CreaTime><ArcGISFormat>1.0</ArcGISFormat><SyncOnce>FALSE</SyncOnce><DataProperties><lineage><Process ToolSource="c:\program files (x86)\arcgis\desktop10.6\ArcToolbox\Toolboxes\Data Management Tools.tbx\CreateFishnet" Date="20230424" Time="183542">CreateFishnet D:\Me\data_processing\六环一公里网格\2km_line.shp "928084.160865095 4316536.83608901" "928084.160865095 4316546.83608901" 2000 2000 # # "982988.588887077 4374236.65481835" LABELS 6环以内(含6环外1km范围) POLYLINE</Process><Process ToolSource="c:\program files (x86)\arcgis\desktop10.6\ArcToolbox\Toolboxes\Analysis Tools.tbx\Intersect" Date="20230424" Time="183632">Intersect "2km_line #;6环以内(含6环外1km范围) #" "C:\Users\Xiangqi Kong\Documents\ArcGIS\Default.gdb\c2km_line_Intersect" NO_FID # INPUT</Process><Process ToolSource="c:\program files (x86)\arcgis\desktop10.6\ArcToolbox\Toolboxes\Data Management Tools.tbx\FeatureToLine" Date="20230424" Time="184518">FeatureToLine c2km_line_Intersect D:\Me\data_processing\六环一公里网格\2km_spitline.shp # ATTRIBUTES</Process><Process ToolSource="c:\program files (x86)\arcgis\desktop10.6\ArcToolbox\Toolboxes\Data Management Tools.tbx\FeatureVerticesToPoints" Date="20230424" Time="184806">FeatureVerticesToPoints 2km_spitline D:\Me\data_processing\六环一公里网格\2km_pts.shp BOTH_ENDS</Process><Process ToolSource="c:\program files (x86)\arcgis\desktop10.6\ArcToolbox\Toolboxes\Data Management Tools.tbx\AddXY" Date="20230424" Time="184948">AddXY 2km_pts</Process><Process ToolSource="c:\program files (x86)\arcgis\desktop10.6\ArcToolbox\Toolboxes\Data Management Tools.tbx\DeleteIdentical" Date="20230424" Time="185031">DeleteIdentical 2km_pts POINT_X;POINT_Y # 0</Process><Process ToolSource="c:\program files (x86)\arcgis\desktop10.6\ArcToolbox\Toolboxes\Data Management Tools.tbx\Merge" Date="20230515" Time="001908">Merge 6ring_2kmX;6ring_2kmW;6ring_2kmL D:\2022教师工作\1学科建设\4固定样地\fishnet\固定样地\固定样地\6ring_newall.shp "FID_c2km_l "FID_c2km_l" true true false 10 Long 0 10 ,First,#,6ring_2kmX,FID_c2km_l,-1,-1,6ring_2kmW,FID_c2km_l,-1,-1,6ring_2kmL,FID_c2km_l,-1,-1;ID_1 "ID_1" true true false 10 Long 0 10 ,First,#,6ring_2kmX,ID_1,-1,-1,6ring_2kmW,ID_1,-1,-1,6ring_2kmL,ID_1,-1,-1;ID_No "ID_No" true true false 5 Long 0 5 ,First,#,6ring_2kmX,ID_No,-1,-1,6ring_2kmW,ID_No,-1,-1,6ring_2kmL,ID_No,-1,-1;type "type" true true false 50 Text 0 0 ,First,#,6ring_2kmX,type,-1,-1,6ring_2kmW,type,-1,-1,6ring_2kmL,type,-1,-1;Shape_Leng "Shape_Leng" true true false 19 Double 0 0 ,First,#,6ring_2kmX,Shape_Leng,-1,-1,6ring_2kmW,Shape_Leng,-1,-1,6ring_2kmL,Shape_Leng,-1,-1;ORIG_FID "ORIG_FID" true true false 10 Long 0 10 ,First,#,6ring_2kmX,ORIG_FID,-1,-1,6ring_2kmW,ORIG_FID,-1,-1,6ring_2kmL,ORIG_FID,-1,-1;POINT_X "POINT_X" true true false 19 Double 0 0 ,First,#,6ring_2kmX,POINT_X,-1,-1,6ring_2kmW,POINT_X,-1,-1,6ring_2kmL,POINT_X,-1,-1;POINT_Y "POINT_Y" true true false 19 Double 0 0 ,First,#,6ring_2kmX,POINT_Y,-1,-1,6ring_2kmW,POINT_Y,-1,-1,6ring_2kmL,POINT_Y,-1,-1;经度 "经度" true true false 13 Float 0 0 ,First,#,6ring_2kmX,经度,-1,-1,6ring_2kmW,经度,-1,-1,6ring_2kmL,经度,-1,-1;纬度 "纬度" true true false 13 Float 0 0 ,First,#,6ring_2kmX,纬度,-1,-1,6ring_2kmW,纬度,-1,-1,6ring_2kmL,纬度,-1,-1"</Process><Process ToolSource="c:\program files (x86)\arcgis\desktop10.6\ArcToolbox\Toolboxes\Data Management Tools.tbx\Merge" Date="20230515" Time="002047">Merge 6ring_newall;6ring_2kmMH2 D:\2022教师工作\1学科建设\4固定样地\fishnet\固定样地\2km网格坐标点数据\6ring_2kmnew.shp "FID_c2km_l "FID_c2km_l" true true false 10 Long 0 10 ,First,#,6ring_newall,FID_c2km_l,-1,-1,6ring_2kmMH2,FID_c2km_l,-1,-1;ID_1 "ID_1" true true false 10 Long 0 10 ,First,#,6ring_newall,ID_1,-1,-1,6ring_2kmMH2,ID_1,-1,-1;ID_No "ID_No" true true false 10 Long 0 10 ,First,#,6ring_newall,ID_No,-1,-1,6ring_2kmMH2,ID_No,-1,-1;type "type" true true false 50 Text 0 0 ,First,#,6ring_newall,type,-1,-1,6ring_2kmMH2,type,-1,-1;Shape_Leng "Shape_Leng" true true false 19 Double 0 0 ,First,#,6ring_newall,Shape_Leng,-1,-1,6ring_2kmMH2,Shape_Leng,-1,-1;ORIG_FID "ORIG_FID" true true false 10 Long 0 10 ,First,#,6ring_newall,ORIG_FID,-1,-1,6ring_2kmMH2,ORIG_FID,-1,-1;POINT_X "POINT_X" true true false 19 Double 0 0 ,First,#,6ring_newall,POINT_X,-1,-1,6ring_2kmMH2,POINT_X,-1,-1;POINT_Y "POINT_Y" true true false 19 Double 0 0 ,First,#,6ring_newall,POINT_Y,-1,-1,6ring_2kmMH2,POINT_Y,-1,-1;经度 "经度" true true false 13 Float 0 0 ,First,#,6ring_newall,经度,-1,-1,6ring_2kmMH2,经度,-1,-1;纬度 "纬度" true true false 13 Float 0 0 ,First,#,6ring_newall,纬度,-1,-1,6ring_2kmMH2,纬度,-1,-1"</Process><Process ToolSource="c:\program files (x86)\arcgis\desktop10.6\ArcToolbox\Toolboxes\Analysis Tools.tbx\Clip" Date="20230519" Time="163542">Clip 6ring_2kmNew 辐射区域_8km D:\2022教师工作\1学科建设\4固定样地\遥感数据\抽样点.shp #</Process></lineage><itemProps><itemName Sync="TRUE">抽样点</itemName><imsContentType Sync="TRUE">002</imsContentType><itemLocation><linkage Sync="TRUE">file://\\SD-20230518UUAG\D$\2022教师工作\1学科建设\4固定样地\抽样点</linkage><protocol Sync="TRUE">Local Area Network</protocol></itemLocation><itemSize Sync="TRUE">0.000</itemSize></itemProps><coordRef><type Sync="TRUE">Projected</type><geogcsn Sync="TRUE">GCS_Krasovsky_1940</geogcsn><csUnits Sync="TRUE">Linear Unit: Meter (1.000000)</csUnits><projcsn Sync="TRUE">Krasovsky_1940_Albers</projcsn><peXml Sync="TRUE">&lt;ProjectedCoordinateSystem xsi:type='typens:ProjectedCoordinateSystem' xmlns:xsi='http://www.w3.org/2001/XMLSchema-instance' xmlns:xs='http://www.w3.org/2001/XMLSchema' xmlns:typens='http://www.esri.com/schemas/ArcGIS/10.6'&gt;&lt;WKT&gt;PROJCS[&amp;quot;Krasovsky_1940_Albers&amp;quot;,GEOGCS[&amp;quot;GCS_Krasovsky_1940&amp;quot;,DATUM[&amp;quot;D_Krasovsky_1940&amp;quot;,SPHEROID[&amp;quot;Krasovsky_1940&amp;quot;,6378245.0,298.3]],PRIMEM[&amp;quot;Greenwich&amp;quot;,0.0],UNIT[&amp;quot;Degree&amp;quot;,0.0174532925199433]],PROJECTION[&amp;quot;Albers&amp;quot;],PARAMETER[&amp;quot;False_Easting&amp;quot;,0.0],PARAMETER[&amp;quot;False_Northing&amp;quot;,0.0],PARAMETER[&amp;quot;Central_Meridian&amp;quot;,105.0],PARAMETER[&amp;quot;Standard_Parallel_1&amp;quot;,25.0],PARAMETER[&amp;quot;Standard_Parallel_2&amp;quot;,47.0],PARAMETER[&amp;quot;Latitude_Of_Origin&amp;quot;,0.0],UNIT[&amp;quot;Meter&amp;quot;,1.0]]&lt;/WKT&gt;&lt;XOrigin&gt;-17330900&lt;/XOrigin&gt;&lt;YOrigin&gt;-4694300&lt;/YOrigin&gt;&lt;XYScale&gt;259859535.706195&lt;/XYScale&gt;&lt;ZOrigin&gt;-100000&lt;/ZOrigin&gt;&lt;ZScale&gt;10000&lt;/ZScale&gt;&lt;MOrigin&gt;-100000&lt;/MOrigin&gt;&lt;MScale&gt;10000&lt;/MScale&gt;&lt;XYTolerance&gt;0.001&lt;/XYTolerance&gt;&lt;ZTolerance&gt;0.001&lt;/ZTolerance&gt;&lt;MTolerance&gt;0.001&lt;/MTolerance&gt;&lt;HighPrecision&gt;true&lt;/HighPrecision&gt;&lt;/ProjectedCoordinateSystem&gt;</peXml></coordRef><copyHistory><copy source="D:\2022教师工作\1学科建设\4固定样地\遥感数据\抽样点" dest="\\SD-20230518UUAG\D$\2022教师工作\1学科建设\4固定样地\抽样点" date="20230519" time="17261200"></copy></copyHistory></DataProperties><SyncDate>20230519</SyncDate><SyncTime>16354100</SyncTime><ModDate>20230519</ModDate><ModTime>16354100</ModTime></Esri><dataIdInfo><envirDesc Sync="TRUE"> Version 6.2 (Build 9200) ; Esri ArcGIS 10.6.0.8321</envirDesc><dataLang><languageCode value="zho" Sync="TRUE"></languageCode><countryCode value="CHN" Sync="TRUE"></countryCode></dataLang><idCitation><resTitle Sync="TRUE">抽样点</resTitle><presForm><PresFormCd value="005" Sync="TRUE"></PresFormCd></presForm></idCitation><spatRpType><SpatRepTypCd value="001" Sync="TRUE"></SpatRepTypCd></spatRpType></dataIdInfo><mdLang><languageCode value="zho" Sync="TRUE"></languageCode><countryCode value="CHN" Sync="TRUE"></countryCode></mdLang><distInfo><distFormat><formatName Sync="TRUE">Shapefile</formatName></distFormat><distTranOps><transSize Sync="TRUE">0.000</transSize></distTranOps></distInfo><mdHrLv><ScopeCd value="005" Sync="TRUE"></ScopeCd></mdHrLv><mdHrLvName Sync="TRUE">dataset</mdHrLvName><refSysInfo><RefSystem><refSysID><identCode code="0" Sync="TRUE"></identCode></refSysID></RefSystem></refSysInfo><spatRepInfo><VectSpatRep><geometObjs Name="抽样点"><geoObjTyp><GeoObjTypCd value="004" Sync="TRUE"></GeoObjTypCd></geoObjTyp><geoObjCnt Sync="TRUE">0</geoObjCnt></geometObjs><topLvl><TopoLevCd value="001" Sync="TRUE"></TopoLevCd></topLvl></VectSpatRep></spatRepInfo><spdoinfo><ptvctinf><esriterm Name="抽样点"><efeatyp Sync="TRUE">Simple</efeatyp><efeageom code="1" Sync="TRUE"></efeageom><esritopo Sync="TRUE">FALSE</esritopo><efeacnt Sync="TRUE">0</efeacnt><spindex Sync="TRUE">FALSE</spindex><linrefer Sync="TRUE">FALSE</linrefer></esriterm></ptvctinf></spdoinfo><eainfo><detailed Name="抽样点"><enttyp><enttypl Sync="TRUE">抽样点</enttypl><enttypt Sync="TRUE">Feature Class</enttypt><enttypc Sync="TRUE">0</enttypc></enttyp><attr><attrlabl Sync="TRUE">FID</attrlabl><attalias Sync="TRUE">FID</attalias><attrtype Sync="TRUE">OID</attrtype><attwidth Sync="TRUE">4</attwidth><atprecis Sync="TRUE">0</atprecis><attscale Sync="TRUE">0</attscale><attrdef Sync="TRUE">Internal feature number.</attrdef><attrdefs Sync="TRUE">Esri</attrdefs><attrdomv><udom Sync="TRUE">Sequential unique whole numbers that are automatically generated.</udom></attrdomv></attr><attr><attrlabl Sync="TRUE">Shape</attrlabl><attalias Sync="TRUE">Shape</attalias><attrtype Sync="TRUE">Geometry</attrtype><attwidth Sync="TRUE">0</attwidth><atprecis Sync="TRUE">0</atprecis><attscale Sync="TRUE">0</attscale><attrdef Sync="TRUE">Feature geometry.</attrdef><attrdefs Sync="TRUE">Esri</attrdefs><attrdomv><udom Sync="TRUE">Coordinates defining the features.</udom></attrdomv></attr><attr><attrlabl Sync="TRUE">FID_c2km_l</attrlabl><attalias Sync="TRUE">FID_c2km_l</attalias><attrtype Sync="TRUE">Integer</attrtype><attwidth Sync="TRUE">10</attwidth><atprecis Sync="TRUE">10</atprecis><attscale Sync="TRUE">0</attscale></attr><attr><attrlabl Sync="TRUE">ID_1</attrlabl><attalias Sync="TRUE">ID_1</attalias><attrtype Sync="TRUE">Integer</attrtype><attwidth Sync="TRUE">10</attwidth><atprecis Sync="TRUE">10</atprecis><attscale Sync="TRUE">0</attscale></attr><attr><attrlabl Sync="TRUE">ID_No</attrlabl><attalias Sync="TRUE">ID_No</attalias><attrtype Sync="TRUE">Integer</attrtype><attwidth Sync="TRUE">10</attwidth><atprecis Sync="TRUE">10</atprecis><attscale Sync="TRUE">0</attscale></attr><attr><attrlabl Sync="TRUE">type</attrlabl><attalias Sync="TRUE">type</attalias><attrtype Sync="TRUE">String</attrtype><attwidth Sync="TRUE">50</attwidth><atprecis Sync="TRUE">0</atprecis><attscale Sync="TRUE">0</attscale></attr><attr><attrlabl Sync="TRUE">Shape_Leng</attrlabl><attalias Sync="TRUE">Shape_Leng</attalias><attrtype Sync="TRUE">Double</attrtype><attwidth Sync="TRUE">19</attwidth><atprecis Sync="TRUE">0</atprecis><attscale Sync="TRUE">0</attscale></attr><attr><attrlabl Sync="TRUE">ORIG_FID</attrlabl><attalias Sync="TRUE">ORIG_FID</attalias><attrtype Sync="TRUE">Integer</attrtype><attwidth Sync="TRUE">10</attwidth><atprecis Sync="TRUE">10</atprecis><attscale Sync="TRUE">0</attscale></attr><attr><attrlabl Sync="TRUE">POINT_X</attrlabl><attalias Sync="TRUE">POINT_X</attalias><attrtype Sync="TRUE">Double</attrtype><attwidth Sync="TRUE">19</attwidth><atprecis Sync="TRUE">0</atprecis><attscale Sync="TRUE">0</attscale></attr><attr><attrlabl Sync="TRUE">POINT_Y</attrlabl><attalias Sync="TRUE">POINT_Y</attalias><attrtype Sync="TRUE">Double</attrtype><attwidth Sync="TRUE">19</attwidth><atprecis Sync="TRUE">0</atprecis><attscale Sync="TRUE">0</attscale></attr><attr><attrlabl Sync="TRUE">经度</attrlabl><attalias Sync="TRUE">经度</attalias><attrtype Sync="TRUE">Single</attrtype><attwidth Sync="TRUE">13</attwidth><atprecis Sync="TRUE">0</atprecis><attscale Sync="TRUE">0</attscale></attr><attr><attrlabl Sync="TRUE">纬度</attrlabl><attalias Sync="TRUE">纬度</attalias><attrtype Sync="TRUE">Single</attrtype><attwidth Sync="TRUE">13</attwidth><atprecis Sync="TRUE">0</atprecis><attscale Sync="TRUE">0</attscale></attr><attr><attrlabl Sync="TRUE">经度_Lab</attrlabl><attalias Sync="TRUE">经度_Lab</attalias><attrtype Sync="TRUE">String</attrtype><attwidth Sync="TRUE">50</attwidth><atprecis Sync="TRUE">0</atprecis><attscale Sync="TRUE">0</attscale></attr><attr><attrlabl Sync="TRUE">纬度_Lab</attrlabl><attalias Sync="TRUE">纬度_Lab</attalias><attrtype Sync="TRUE">String</attrtype><attwidth Sync="TRUE">50</attwidth><atprecis Sync="TRUE">0</atprecis><attscale Sync="TRUE">0</attscale></attr></detailed></eainfo><mdDateSt Sync="TRUE">20230519</mdDateSt><mdChar><CharSetCd value="004" Sync="TRUE"></CharSetCd></mdChar></metadata>
